,AvailabilityZone,InstanceType,OnDemand,yrTerm1Standard.allUpfront,yrTerm1Standard.noUpfront,yrTerm1Standard.partialUpfront,yrTerm3Convertible.allUpfront,yrTerm3Convertible.noUpfront,yrTerm3Convertible.partialUpfront,yrTerm3Standard.allUpfront,yrTerm3Standard.partialUpfront
0,us-east-1,t1.micro,0.02,0.012,0.014,0.012,,,,0.008,0.009
1,us-west-2,t1.micro,0.02,0.012,0.014,0.012,,,,0.008,0.009
2,us-west-1,t1.micro,0.025,0.015,0.017,0.015,,,,0.011,0.012
3,eu-west-1,t1.micro,0.02,0.015,0.016,0.015,,,,0.011,0.012
4,ap-southeast-1,t1.micro,0.02,0.015,0.016,0.015,,,,0.011,0.012
5,ap-northeast-1,t1.micro,0.026,0.016,0.018,0.016,,,,0.012,0.013
6,ap-southeast-2,t1.micro,0.02,0.015,0.016,0.015,,,,0.011,0.012
7,sa-east-1,t1.micro,0.027,0.016,0.019,0.017,,,,0.011,0.012
8,us-east-1,t2.nano,0.0059,0.004,0.005,0.004,0.004,0.004,0.004,0.003,0.003
9,us-west-2,t2.nano,0.0059,0.004,0.005,0.004,0.004,0.004,0.004,0.003,0.003
10,us-west-1,t2.nano,0.0077,0.005,0.006,0.005,0.005,0.005,0.005,0.004,0.004
11,eu-west-1,t2.nano,0.0063,0.004,0.005,0.004,0.004,0.005,0.004,0.003,0.003
12,eu-central-1,t2.nano,0.0068,0.005,0.006,0.005,0.004,0.005,0.004,0.003,0.003
13,ap-southeast-1,t2.nano,0.0075,0.006,0.007,0.006,0.005,0.006,0.005,0.004,0.004
14,ap-northeast-1,t2.nano,0.008,0.006,0.007,0.006,0.005,0.006,0.005,0.004,0.004
15,ap-northeast-2,t2.nano,0.008,0.006,0.007,0.006,0.005,0.006,0.005,0.004,0.004
16,ap-southeast-2,t2.nano,0.008,0.006,0.007,0.006,0.005,0.006,0.006,0.004,0.005
17,sa-east-1,t2.nano,0.0101,0.006,0.007,0.006,0.005,0.006,0.005,0.004,0.005
18,us-east-1,t2.micro,0.012,0.008,0.009,0.008,0.007,0.008,0.007,0.005,0.005
19,us-west-2,t2.micro,0.012,0.008,0.009,0.008,0.007,0.008,0.007,0.005,0.005
20,us-west-1,t2.micro,0.015,0.011,0.012,0.011,0.010,0.011,0.010,0.008,0.008
21,eu-west-1,t2.micro,0.013,0.009,0.010,0.009,0.008,0.009,0.008,0.006,0.006
22,eu-central-1,t2.micro,0.014,0.009,0.011,0.009,0.008,0.010,0.008,0.007,0.007
23,ap-southeast-1,t2.micro,0.015,0.011,0.013,0.011,0.010,0.012,0.010,0.008,0.009
24,ap-northeast-1,t2.micro,0.016,0.012,0.014,0.012,0.011,0.013,0.011,0.008,0.008
25,ap-northeast-2,t2.micro,0.016,0.012,0.014,0.012,0.011,0.013,0.011,0.008,0.008
26,ap-southeast-2,t2.micro,0.016,0.012,0.014,0.012,0.011,0.013,0.011,0.008,0.009
27,sa-east-1,t2.micro,0.02,0.012,0.014,0.012,0.011,0.013,0.011,0.008,0.009
28,us-east-1,t2.small,0.023,0.016,0.018,0.016,0.014,0.016,0.014,0.010,0.011
29,us-west-2,t2.small,0.023,0.016,0.018,0.016,0.014,0.016,0.014,0.010,0.011
30,us-west-1,t2.small,0.031,0.021,0.024,0.021,0.019,0.022,0.019,0.014,0.015
31,eu-west-1,t2.small,0.025,0.017,0.020,0.017,0.015,0.018,0.015,0.011,0.012
32,eu-central-1,t2.small,0.027,0.019,0.022,0.019,0.017,0.020,0.017,0.012,0.013
33,ap-southeast-1,t2.small,0.03,0.023,0.027,0.023,0.021,0.024,0.021,0.017,0.018
34,ap-northeast-1,t2.small,0.032,0.024,0.028,0.024,0.022,0.025,0.022,0.015,0.016
35,ap-northeast-2,t2.small,0.032,0.024,0.028,0.024,0.022,0.025,0.022,0.015,0.016
36,ap-southeast-2,t2.small,0.032,0.024,0.028,0.024,0.022,0.025,0.022,0.018,0.019
37,sa-east-1,t2.small,0.041,0.024,0.028,0.024,0.022,0.025,0.022,0.017,0.018
38,us-east-1,t2.medium,0.047,0.031,0.036,0.032,0.028,0.032,0.029,0.021,0.022
39,us-west-2,t2.medium,0.047,0.031,0.036,0.032,0.028,0.032,0.029,0.021,0.022
40,us-west-1,t2.medium,0.061,0.041,0.048,0.042,0.037,0.043,0.038,0.029,0.031
41,eu-west-1,t2.medium,0.05,0.033,0.040,0.034,0.030,0.036,0.031,0.023,0.024
42,eu-central-1,t2.medium,0.054,0.036,0.043,0.037,0.032,0.039,0.033,0.024,0.026
43,ap-southeast-1,t2.medium,0.06,0.044,0.053,0.045,0.040,0.048,0.041,0.033,0.035
44,ap-northeast-1,t2.medium,0.064,0.046,0.055,0.047,0.041,0.050,0.042,0.030,0.032
45,ap-northeast-2,t2.medium,0.064,0.046,0.055,0.047,0.041,0.050,0.042,0.030,0.032
46,ap-southeast-2,t2.medium,0.064,0.047,0.056,0.048,0.042,0.050,0.043,0.036,0.038
47,sa-east-1,t2.medium,0.081,0.046,0.055,0.047,0.041,0.050,0.042,0.034,0.036
48,us-east-1,t2.large,0.094,0.063,0.072,0.064,0.057,0.065,0.058,0.041,0.044
49,us-west-2,t2.large,0.094,0.063,0.072,0.064,0.057,0.065,0.058,0.041,0.044
50,us-west-1,t2.large,0.122,0.083,0.096,0.085,0.075,0.086,0.077,0.057,0.061
51,eu-west-1,t2.large,0.101,0.067,0.080,0.068,0.060,0.072,0.061,0.045,0.048
52,eu-central-1,t2.large,0.108,0.073,0.087,0.074,0.066,0.078,0.067,0.049,0.052
53,ap-southeast-1,t2.large,0.12,0.088,0.105,0.090,0.079,0.095,0.081,0.067,0.071
54,ap-northeast-1,t2.large,0.128,0.092,0.110,0.094,0.083,0.099,0.085,0.060,0.064
55,ap-northeast-2,t2.large,0.128,0.092,0.110,0.094,0.083,0.099,0.085,0.060,0.064
56,ap-southeast-2,t2.large,0.128,0.094,0.112,0.096,0.085,0.101,0.086,0.070,0.075
57,sa-east-1,t2.large,0.162,0.093,0.111,0.095,0.084,0.100,0.086,0.069,0.073
58,us-east-1,t2.xlarge,0.188,0.126,0.150,0.128,0.113,0.135,0.116,0.083,0.089
59,us-west-2,t2.xlarge,0.188,0.126,0.150,0.128,0.113,0.135,0.116,0.083,0.089
60,us-west-1,t2.xlarge,0.244,0.165,0.197,0.169,0.149,0.178,0.152,0.115,0.122
61,eu-west-1,t2.xlarge,0.202,0.134,0.160,0.137,0.121,0.144,0.123,0.092,0.097
62,eu-central-1,t2.xlarge,0.216,0.145,0.173,0.148,0.130,0.155,0.133,0.098,0.104
63,ap-southeast-1,t2.xlarge,0.24,0.176,0.211,0.180,0.159,0.190,0.162,0.133,0.141
64,ap-northeast-1,t2.xlarge,0.256,0.185,0.221,0.189,0.167,0.199,0.170,0.120,0.128
65,ap-northeast-2,t2.xlarge,0.256,0.185,0.221,0.189,0.167,0.199,0.170,0.120,0.128
66,ap-southeast-2,t2.xlarge,0.256,0.188,0.225,0.192,0.169,0.202,0.173,0.141,0.150
67,sa-east-1,t2.xlarge,0.324,0.185,0.221,0.189,0.167,0.199,0.170,0.137,0.146
68,us-east-1,t2.2xlarge,0.376,0.252,0.300,0.257,0.226,0.270,0.231,0.167,0.177
69,us-west-2,t2.2xlarge,0.376,0.252,0.300,0.257,0.226,0.270,0.231,0.167,0.177
70,us-west-1,t2.2xlarge,0.488,0.331,0.395,0.337,0.297,0.355,0.304,0.229,0.244
71,eu-west-1,t2.2xlarge,0.404,0.269,0.321,0.274,0.242,0.289,0.247,0.183,0.195
72,eu-central-1,t2.2xlarge,0.432,0.289,0.345,0.295,0.260,0.311,0.266,0.196,0.209
73,ap-southeast-1,t2.2xlarge,0.48,0.353,0.421,0.360,0.318,0.379,0.324,0.265,0.282
74,ap-northeast-1,t2.2xlarge,0.512,0.370,0.442,0.378,0.333,0.398,0.340,0.241,0.256
75,ap-northeast-2,t2.2xlarge,0.512,0.370,0.442,0.378,0.333,0.398,0.340,0.241,0.256
76,ap-southeast-2,t2.2xlarge,0.512,0.376,0.449,0.384,0.339,0.404,0.346,0.283,0.301
77,sa-east-1,t2.2xlarge,0.648,0.370,0.442,0.378,0.333,0.398,0.340,0.274,0.291
78,us-east-1,m1.small,0.044,0.024,0.028,0.024,,,,0.015,0.016
79,us-west-2,m1.small,0.044,0.024,0.028,0.024,,,,0.015,0.016
80,us-west-1,m1.small,0.047,0.029,0.034,0.030,,,,0.019,0.020
81,eu-west-1,m1.small,0.047,0.029,0.034,0.030,,,,0.019,0.020
82,ap-southeast-1,m1.small,0.058,0.033,0.039,0.033,,,,0.021,0.022
83,ap-northeast-1,m1.small,0.061,0.032,0.037,0.032,,,,0.021,0.022
84,ap-southeast-2,m1.small,0.058,0.033,0.039,0.033,,,,0.021,0.022
85,sa-east-1,m1.small,0.058,0.029,0.034,0.029,,,,0.020,0.022
86,us-east-1,m1.medium,0.087,0.047,0.056,0.048,,,,0.029,0.031
87,us-west-2,m1.medium,0.087,0.047,0.056,0.048,,,,0.029,0.031
88,us-west-1,m1.medium,0.095,0.059,0.068,0.060,,,,0.038,0.040
89,eu-west-1,m1.medium,0.095,0.059,0.068,0.060,,,,0.038,0.040
90,ap-southeast-1,m1.medium,0.117,0.065,0.078,0.066,,,,0.041,0.044
91,ap-northeast-1,m1.medium,0.122,0.065,0.074,0.066,,,,0.041,0.044
92,ap-southeast-2,m1.medium,0.117,0.065,0.078,0.066,,,,0.041,0.044
93,sa-east-1,m1.medium,0.117,0.057,0.068,0.058,,,,0.040,0.042
94,us-east-1,m1.large,0.175,0.095,0.112,0.097,,,,0.059,0.063
95,us-west-2,m1.large,0.175,0.095,0.112,0.097,,,,0.059,0.063
96,us-west-1,m1.large,0.19,0.118,0.136,0.120,,,,0.075,0.080
97,eu-west-1,m1.large,0.19,0.118,0.136,0.120,,,,0.075,0.080
98,ap-southeast-1,m1.large,0.233,0.128,0.156,0.131,,,,0.082,0.087
99,ap-northeast-1,m1.large,0.243,0.129,0.148,0.131,,,,0.082,0.087
100,ap-southeast-2,m1.large,0.233,0.128,0.156,0.131,,,,0.082,0.087
101,sa-east-1,m1.large,0.233,0.113,0.136,0.116,,,,0.081,0.086
102,us-east-1,m1.xlarge,0.35,0.191,0.224,0.195,,,,0.117,0.124
103,us-west-2,m1.xlarge,0.35,0.191,0.224,0.195,,,,0.117,0.124
104,us-west-1,m1.xlarge,0.379,0.235,0.272,0.240,,,,0.150,0.159
105,eu-west-1,m1.xlarge,0.379,0.235,0.272,0.240,,,,0.150,0.159
106,ap-southeast-1,m1.xlarge,0.467,0.257,0.312,0.262,,,,0.164,0.175
107,ap-northeast-1,m1.xlarge,0.486,0.256,0.296,0.261,,,,0.164,0.175
108,ap-southeast-2,m1.xlarge,0.467,0.257,0.312,0.262,,,,0.164,0.175
109,sa-east-1,m1.xlarge,0.467,0.227,0.272,0.232,,,,0.161,0.171
110,us-east-1,m3.medium,0.067,0.040,0.048,0.041,0.036,0.043,0.037,0.026,0.028
111,us-west-2,m3.medium,0.067,0.040,0.048,0.041,0.036,0.043,0.037,0.026,0.028
112,us-west-1,m3.medium,0.077,0.053,0.058,0.054,0.048,0.052,0.049,0.034,0.036
113,eu-west-1,m3.medium,0.073,0.050,0.055,0.051,0.045,0.050,0.046,0.034,0.036
114,eu-central-1,m3.medium,0.079,0.054,0.060,0.055,0.048,0.054,0.050,0.036,0.039
115,ap-southeast-1,m3.medium,0.098,0.058,0.068,0.059,0.052,0.061,0.053,0.037,0.039
116,ap-northeast-1,m3.medium,0.096,0.054,0.064,0.055,0.048,0.058,0.049,0.037,0.039
117,ap-southeast-2,m3.medium,0.093,0.055,0.065,0.056,0.050,0.059,0.050,0.037,0.039
118,sa-east-1,m3.medium,0.095,0.051,0.060,0.052,0.046,0.054,0.047,0.036,0.038
119,us-east-1,m3.large,0.133,0.081,0.095,0.083,0.073,0.086,0.075,0.052,0.056
120,us-west-2,m3.large,0.133,0.081,0.095,0.083,0.073,0.086,0.075,0.052,0.056
121,us-west-1,m3.large,0.154,0.105,0.116,0.108,0.095,0.104,0.097,0.067,0.072
122,eu-west-1,m3.large,0.146,0.100,0.110,0.102,0.090,0.099,0.092,0.067,0.072
123,eu-central-1,m3.large,0.158,0.108,0.120,0.110,0.097,0.108,0.099,0.073,0.077
124,ap-southeast-1,m3.large,0.196,0.116,0.136,0.118,0.104,0.122,0.106,0.074,0.078
125,ap-northeast-1,m3.large,0.193,0.109,0.127,0.111,0.098,0.114,0.100,0.074,0.079
126,ap-southeast-2,m3.large,0.186,0.110,0.129,0.112,0.099,0.116,0.101,0.074,0.078
127,sa-east-1,m3.large,0.19,0.101,0.120,0.103,0.091,0.108,0.093,0.073,0.078
128,us-east-1,m3.xlarge,0.266,0.163,0.190,0.166,0.147,0.171,0.150,0.105,0.111
129,us-west-2,m3.xlarge,0.266,0.163,0.190,0.166,0.147,0.171,0.150,0.105,0.111
130,us-west-1,m3.xlarge,0.308,0.210,0.232,0.214,0.189,0.209,0.193,0.135,0.143
131,eu-west-1,m3.xlarge,0.293,0.199,0.220,0.203,0.179,0.198,0.183,0.134,0.142
132,eu-central-1,m3.xlarge,0.315,0.215,0.239,0.219,0.194,0.215,0.197,0.144,0.154
133,ap-southeast-1,m3.xlarge,0.392,0.231,0.272,0.236,0.208,0.245,0.212,0.147,0.156
134,ap-northeast-1,m3.xlarge,0.385,0.218,0.255,0.223,0.196,0.230,0.200,0.147,0.156
135,ap-southeast-2,m3.xlarge,0.372,0.220,0.258,0.224,0.198,0.232,0.202,0.147,0.156
136,sa-east-1,m3.xlarge,0.381,0.203,0.240,0.207,0.183,0.216,0.187,0.145,0.154
137,us-east-1,m3.2xlarge,0.532,0.324,0.380,0.331,0.292,0.342,0.298,0.209,0.222
138,us-west-2,m3.2xlarge,0.532,0.324,0.380,0.331,0.292,0.342,0.298,0.209,0.222
139,us-west-1,m3.2xlarge,0.616,0.422,0.464,0.430,0.379,0.418,0.387,0.268,0.285
140,eu-west-1,m3.2xlarge,0.585,0.398,0.441,0.406,0.358,0.397,0.366,0.267,0.284
141,eu-central-1,m3.2xlarge,0.632,0.430,0.479,0.439,0.387,0.431,0.395,0.289,0.307
142,ap-southeast-1,m3.2xlarge,0.784,0.462,0.544,0.472,0.416,0.490,0.425,0.294,0.313
143,ap-northeast-1,m3.2xlarge,0.77,0.436,0.509,0.445,0.392,0.458,0.401,0.294,0.313
144,ap-southeast-2,m3.2xlarge,0.745,0.439,0.517,0.449,0.395,0.465,0.404,0.294,0.313
145,sa-east-1,m3.2xlarge,0.761,0.406,0.480,0.415,0.366,0.432,0.373,0.289,0.307
146,us-east-1,m4.large,0.108,0.062,0.074,0.063,0.056,0.067,0.057,0.040,0.043
147,us-west-2,m4.large,0.108,0.062,0.074,0.063,0.056,0.067,0.057,0.040,0.043
148,us-west-1,m4.large,0.126,0.085,0.102,0.087,0.077,0.092,0.078,0.055,0.058
149,eu-west-1,m4.large,0.119,0.075,0.090,0.077,0.068,0.081,0.069,0.051,0.054
150,eu-central-1,m4.large,0.129,0.082,0.098,0.084,0.074,0.088,0.076,0.056,0.060
151,ap-southeast-1,m4.large,0.134,0.078,0.094,0.080,0.070,0.085,0.072,0.050,0.053
152,ap-northeast-1,m4.large,0.139,0.087,0.104,0.089,0.078,0.094,0.080,0.059,0.063
153,ap-northeast-2,m4.large,0.132,0.074,0.088,0.075,0.067,0.079,0.068,0.051,0.054
154,ap-southeast-2,m4.large,0.134,0.084,0.101,0.086,0.076,0.091,0.077,0.056,0.060
155,sa-east-1,m4.large,0.171,0.091,0.109,0.093,0.082,0.098,0.084,0.065,0.069
156,us-east-1,m4.xlarge,0.215,0.123,0.147,0.126,0.111,0.132,0.113,0.081,0.086
157,us-west-2,m4.xlarge,0.215,0.123,0.147,0.126,0.111,0.132,0.113,0.081,0.086
158,us-west-1,m4.xlarge,0.251,0.172,0.205,0.175,0.155,0.185,0.158,0.110,0.117
159,eu-west-1,m4.xlarge,0.238,0.151,0.180,0.154,0.136,0.162,0.139,0.103,0.110
160,eu-central-1,m4.xlarge,0.257,0.164,0.195,0.167,0.148,0.176,0.150,0.113,0.120
161,ap-southeast-1,m4.xlarge,0.266,0.156,0.186,0.159,0.140,0.167,0.143,0.099,0.105
162,ap-northeast-1,m4.xlarge,0.278,0.173,0.207,0.177,0.156,0.186,0.159,0.120,0.128
163,ap-northeast-2,m4.xlarge,0.265,0.147,0.176,0.150,0.132,0.158,0.135,0.102,0.109
164,ap-southeast-2,m4.xlarge,0.269,0.170,0.202,0.173,0.153,0.182,0.156,0.112,0.119
165,sa-east-1,m4.xlarge,0.343,0.183,0.219,0.187,0.165,0.197,0.168,0.131,0.139
166,us-east-1,m4.2xlarge,0.431,0.248,0.296,0.253,0.223,0.266,0.228,0.161,0.171
167,us-west-2,m4.2xlarge,0.431,0.248,0.296,0.253,0.223,0.266,0.228,0.161,0.171
168,us-west-1,m4.2xlarge,0.503,0.342,0.408,0.349,0.308,0.367,0.314,0.218,0.232
169,eu-west-1,m4.2xlarge,0.475,0.302,0.360,0.308,0.272,0.324,0.277,0.206,0.219
170,eu-central-1,m4.2xlarge,0.513,0.328,0.392,0.335,0.295,0.353,0.302,0.225,0.239
171,ap-southeast-1,m4.2xlarge,0.533,0.313,0.373,0.319,0.282,0.336,0.287,0.198,0.211
172,ap-northeast-1,m4.2xlarge,0.556,0.347,0.414,0.354,0.312,0.373,0.319,0.241,0.256
173,ap-northeast-2,m4.2xlarge,0.528,0.294,0.351,0.300,0.265,0.316,0.270,0.205,0.218
174,ap-southeast-2,m4.2xlarge,0.538,0.338,0.404,0.345,0.304,0.364,0.311,0.225,0.239
175,sa-east-1,m4.2xlarge,0.685,0.366,0.436,0.373,0.329,0.392,0.336,0.260,0.277
176,us-east-1,m4.4xlarge,0.862,0.496,0.592,0.506,0.446,0.533,0.455,0.321,0.342
177,us-west-2,m4.4xlarge,0.862,0.496,0.592,0.506,0.446,0.533,0.455,0.321,0.342
178,us-west-1,m4.4xlarge,1.005,0.684,0.817,0.698,0.616,0.735,0.628,0.437,0.465
179,eu-west-1,m4.4xlarge,0.95,0.604,0.721,0.616,0.544,0.649,0.554,0.412,0.438
180,eu-central-1,m4.4xlarge,1.026,0.657,0.784,0.670,0.591,0.706,0.603,0.450,0.479
181,ap-southeast-1,m4.4xlarge,1.066,0.626,0.748,0.639,0.563,0.673,0.575,0.397,0.422
182,ap-northeast-1,m4.4xlarge,1.113,0.693,0.827,0.707,0.624,0.744,0.636,0.482,0.513
183,ap-northeast-2,m4.4xlarge,1.057,0.590,0.704,0.602,0.531,0.634,0.542,0.410,0.436
184,ap-southeast-2,m4.4xlarge,1.076,0.678,0.810,0.692,0.610,0.729,0.623,0.449,0.478
185,sa-east-1,m4.4xlarge,1.37,0.731,0.873,0.746,0.658,0.786,0.671,0.521,0.554
186,us-east-1,m4.10xlarge,2.155,1.240,1.480,1.265,1.116,1.332,1.139,0.804,0.855
187,us-west-2,m4.10xlarge,2.155,1.240,1.480,1.265,1.116,1.332,1.139,0.804,0.855
188,us-west-1,m4.10xlarge,2.514,1.709,2.040,1.744,1.538,1.836,1.570,1.093,1.163
189,eu-west-1,m4.10xlarge,2.377,1.508,1.801,1.539,1.357,1.621,1.385,1.028,1.094
190,eu-central-1,m4.10xlarge,2.565,1.642,1.961,1.676,1.478,1.765,1.508,1.125,1.197
191,ap-southeast-1,m4.10xlarge,2.665,1.564,1.867,1.596,1.408,1.680,1.436,0.992,1.055
192,ap-northeast-1,m4.10xlarge,2.782,1.734,2.070,1.769,1.561,1.863,1.592,1.205,1.282
193,ap-northeast-2,m4.10xlarge,2.642,1.474,1.760,1.504,1.327,1.584,1.354,1.024,1.089
194,ap-southeast-2,m4.10xlarge,2.69,1.693,2.022,1.728,1.524,1.820,1.555,1.123,1.195
195,sa-east-1,m4.10xlarge,3.425,1.828,2.182,1.865,1.645,1.964,1.679,1.302,1.385
196,us-east-1,m4.16xlarge,3.447,1.984,2.369,2.025,1.786,2.132,1.823,1.286,1.368
197,us-west-2,m4.16xlarge,3.447,1.984,2.369,2.025,1.786,2.132,1.823,1.286,1.368
198,us-west-1,m4.16xlarge,4.022,2.735,3.265,2.791,2.462,2.939,2.512,1.748,1.860
199,eu-west-1,m4.16xlarge,3.803,2.413,2.881,2.462,2.172,2.593,2.216,1.646,1.751
200,eu-central-1,m4.16xlarge,4.104,2.627,3.137,2.681,2.364,2.823,2.413,1.800,1.915
201,ap-southeast-1,m4.16xlarge,4.264,2.503,2.988,2.554,2.253,2.689,2.299,1.587,1.688
202,ap-northeast-1,m4.16xlarge,4.45,2.773,3.311,2.830,2.496,2.980,2.547,1.928,2.051
203,ap-northeast-2,m4.16xlarge,4.228,2.358,2.815,2.406,2.122,2.534,2.165,1.638,1.743
204,ap-southeast-2,m4.16xlarge,4.305,2.710,3.235,2.765,2.439,2.912,2.489,1.798,1.913
205,sa-east-1,m4.16xlarge,5.48,2.924,3.491,2.984,2.632,3.142,2.686,2.083,2.216
206,us-east-1,m2.xlarge,0.245,0.093,0.111,0.095,,,,0.056,0.059
207,us-west-2,m2.xlarge,0.245,0.093,0.111,0.095,,,,0.056,0.059
208,us-west-1,m2.xlarge,0.275,0.113,0.134,0.115,,,,0.072,0.076
209,eu-west-1,m2.xlarge,0.275,0.113,0.134,0.115,,,,0.073,0.077
210,ap-southeast-1,m2.xlarge,0.296,0.125,0.148,0.127,,,,0.080,0.085
211,ap-northeast-1,m2.xlarge,0.287,0.127,0.151,0.129,,,,0.082,0.087
212,ap-southeast-2,m2.xlarge,0.296,0.125,0.148,0.127,,,,0.080,0.085
213,sa-east-1,m2.xlarge,0.323,0.108,0.129,0.111,,,,0.077,0.082
214,us-east-1,m2.2xlarge,0.49,0.186,0.222,0.190,,,,0.112,0.119
215,us-west-2,m2.2xlarge,0.49,0.186,0.222,0.190,,,,0.112,0.119
216,us-west-1,m2.2xlarge,0.55,0.226,0.268,0.230,,,,0.144,0.153
217,eu-west-1,m2.2xlarge,0.55,0.226,0.268,0.230,,,,0.145,0.155
218,ap-southeast-1,m2.2xlarge,0.592,0.250,0.296,0.255,,,,0.160,0.170
219,ap-northeast-1,m2.2xlarge,0.575,0.255,0.302,0.260,,,,0.163,0.174
220,ap-southeast-2,m2.2xlarge,0.592,0.250,0.296,0.255,,,,0.160,0.170
221,sa-east-1,m2.2xlarge,0.645,0.218,0.258,0.222,,,,0.155,0.165
222,us-east-1,m2.4xlarge,0.98,0.372,0.444,0.379,,,,0.222,0.236
223,us-west-2,m2.4xlarge,0.98,0.372,0.444,0.379,,,,0.222,0.236
224,us-west-1,m2.4xlarge,1.1,0.452,0.536,0.461,,,,0.288,0.306
225,eu-west-1,m2.4xlarge,1.1,0.452,0.536,0.461,,,,0.290,0.308
226,ap-southeast-1,m2.4xlarge,1.183,0.501,0.592,0.511,,,,0.320,0.340
227,ap-northeast-1,m2.4xlarge,1.15,0.507,0.604,0.518,,,,0.325,0.346
228,ap-southeast-2,m2.4xlarge,1.183,0.501,0.592,0.511,,,,0.320,0.340
229,sa-east-1,m2.4xlarge,1.291,0.435,0.516,0.444,,,,0.309,0.329
230,us-east-1,cr1.8xlarge,3.5,1.415,1.689,1.444,,,,0.850,0.904
231,us-west-2,cr1.8xlarge,3.5,1.415,1.689,1.444,,,,0.850,0.904
232,eu-west-1,cr1.8xlarge,3.75,1.535,1.832,1.566,,,,1.090,1.160
233,ap-northeast-1,cr1.8xlarge,4.105,1.748,2.086,1.784,,,,1.242,1.322
234,us-east-1,r3.large,0.166,0.088,0.105,0.090,0.079,0.095,0.081,0.058,0.062
235,us-west-2,r3.large,0.166,0.088,0.105,0.090,0.079,0.095,0.081,0.058,0.062
236,us-west-1,r3.large,0.185,0.114,0.136,0.117,0.103,0.122,0.105,0.076,0.080
237,eu-west-1,r3.large,0.185,0.114,0.136,0.117,0.103,0.122,0.105,0.076,0.080
238,eu-central-1,r3.large,0.2,0.123,0.146,0.126,0.111,0.131,0.113,0.082,0.087
239,ap-southeast-1,r3.large,0.2,0.127,0.149,0.130,0.114,0.134,0.117,0.084,0.090
240,ap-northeast-1,r3.large,0.2,0.127,0.149,0.130,0.114,0.134,0.117,0.084,0.090
241,ap-northeast-2,r3.large,0.2,0.127,0.152,0.130,0.115,0.137,0.117,0.085,0.090
242,ap-southeast-2,r3.large,0.2,0.127,0.149,0.130,0.114,0.134,0.117,0.084,0.090
243,sa-east-1,r3.large,0.35,0.223,0.267,0.228,0.201,0.240,0.205,0.148,0.157
244,us-east-1,r3.xlarge,0.333,0.176,0.209,0.180,0.159,0.188,0.162,0.117,0.124
245,us-west-2,r3.xlarge,0.333,0.176,0.209,0.180,0.159,0.188,0.162,0.117,0.124
246,us-west-1,r3.xlarge,0.371,0.228,0.272,0.233,0.205,0.245,0.210,0.151,0.161
247,eu-west-1,r3.xlarge,0.371,0.228,0.272,0.233,0.205,0.245,0.210,0.151,0.161
248,eu-central-1,r3.xlarge,0.4,0.246,0.293,0.252,0.222,0.264,0.227,0.163,0.174
249,ap-southeast-1,r3.xlarge,0.399,0.255,0.298,0.260,0.229,0.268,0.234,0.168,0.178
250,ap-northeast-1,r3.xlarge,0.399,0.255,0.298,0.260,0.229,0.268,0.234,0.168,0.178
251,ap-northeast-2,r3.xlarge,0.399,0.255,0.304,0.260,0.229,0.274,0.234,0.167,0.178
252,ap-southeast-2,r3.xlarge,0.399,0.255,0.298,0.260,0.229,0.268,0.234,0.168,0.178
253,sa-east-1,r3.xlarge,0.7,0.447,0.534,0.456,0.402,0.481,0.410,0.295,0.314
254,us-east-1,r3.2xlarge,0.665,0.353,0.418,0.360,0.317,0.376,0.324,0.233,0.248
255,us-west-2,r3.2xlarge,0.665,0.353,0.418,0.360,0.317,0.376,0.324,0.233,0.248
256,us-west-1,r3.2xlarge,0.741,0.457,0.543,0.466,0.411,0.489,0.419,0.303,0.322
257,eu-west-1,r3.2xlarge,0.741,0.457,0.543,0.466,0.411,0.489,0.419,0.303,0.322
258,eu-central-1,r3.2xlarge,0.8,0.493,0.585,0.503,0.444,0.527,0.452,0.327,0.347
259,ap-southeast-1,r3.2xlarge,0.798,0.509,0.597,0.519,0.458,0.537,0.467,0.335,0.357
260,ap-northeast-1,r3.2xlarge,0.798,0.509,0.597,0.519,0.458,0.537,0.467,0.335,0.357
261,ap-northeast-2,r3.2xlarge,0.798,0.509,0.607,0.519,0.458,0.546,0.467,0.336,0.357
262,ap-southeast-2,r3.2xlarge,0.798,0.509,0.597,0.519,0.458,0.537,0.467,0.335,0.357
263,sa-east-1,r3.2xlarge,1.399,0.894,1.067,0.912,0.805,0.960,0.821,0.589,0.627
264,us-east-1,r3.4xlarge,1.33,0.706,0.836,0.720,0.635,0.752,0.648,0.467,0.497
265,us-west-2,r3.4xlarge,1.33,0.706,0.836,0.720,0.635,0.752,0.648,0.467,0.497
266,us-west-1,r3.4xlarge,1.482,0.913,1.087,0.932,0.822,0.978,0.839,0.605,0.643
267,eu-west-1,r3.4xlarge,1.482,0.913,1.087,0.932,0.822,0.978,0.839,0.605,0.643
268,eu-central-1,r3.4xlarge,1.6,0.986,1.170,1.007,0.888,1.053,0.906,0.654,0.695
269,ap-southeast-1,r3.4xlarge,1.596,1.018,1.193,1.039,0.916,1.074,0.935,0.671,0.714
270,ap-northeast-1,r3.4xlarge,1.596,1.018,1.193,1.039,0.916,1.074,0.935,0.671,0.714
271,ap-northeast-2,r3.4xlarge,1.596,1.018,1.216,1.039,0.916,1.094,0.935,0.671,0.714
272,ap-southeast-2,r3.4xlarge,1.596,1.018,1.193,1.039,0.916,1.074,0.935,0.671,0.714
273,sa-east-1,r3.4xlarge,2.799,1.788,2.134,1.824,1.609,1.921,1.642,1.179,1.254
274,us-east-1,r3.8xlarge,2.66,1.411,1.672,1.441,1.270,1.505,1.297,0.933,0.993
275,us-west-2,r3.8xlarge,2.66,1.411,1.672,1.441,1.270,1.505,1.297,0.933,0.993
276,us-west-1,r3.8xlarge,2.964,1.827,2.174,1.864,1.644,1.957,1.678,1.210,1.288
277,eu-west-1,r3.8xlarge,2.964,1.827,2.174,1.864,1.644,1.957,1.678,1.210,1.288
278,eu-central-1,r3.8xlarge,3.201,1.973,2.341,2.013,1.775,2.107,1.812,1.307,1.391
279,ap-southeast-1,r3.8xlarge,3.192,2.036,2.386,2.078,1.833,2.147,1.870,1.342,1.427
280,ap-northeast-1,r3.8xlarge,3.192,2.036,2.386,2.078,1.833,2.147,1.870,1.342,1.427
281,ap-northeast-2,r3.8xlarge,3.192,2.036,2.431,2.078,1.833,2.188,1.870,1.341,1.427
282,ap-southeast-2,r3.8xlarge,3.192,2.036,2.386,2.078,1.833,2.147,1.870,1.342,1.427
283,sa-east-1,r3.8xlarge,5.597,3.575,4.268,3.648,3.218,3.841,3.283,2.358,2.508
284,us-east-1,r4.large,0.133,0.078,0.093,0.080,0.070,0.084,0.072,0.050,0.053
285,us-west-2,r4.large,0.133,0.078,0.093,0.080,0.070,0.084,0.072,0.050,0.053
286,us-west-1,r4.large,0.148,0.087,0.104,0.089,0.078,0.094,0.080,0.056,0.059
287,eu-west-1,r4.large,0.148,0.087,0.104,0.089,0.078,0.094,0.080,0.056,0.059
288,eu-central-1,r4.large,0.16,0.094,0.112,0.096,0.085,0.101,0.086,0.060,0.064
289,ap-southeast-2,r4.large,0.16,0.094,0.112,0.096,0.084,0.101,0.086,0.060,0.064
290,us-east-1,r4.xlarge,0.266,0.156,0.187,0.160,0.141,0.168,0.144,0.100,0.106
291,us-west-2,r4.xlarge,0.266,0.156,0.187,0.160,0.141,0.168,0.144,0.100,0.106
292,us-west-1,r4.xlarge,0.296,0.174,0.208,0.178,0.157,0.187,0.160,0.111,0.119
293,eu-west-1,r4.xlarge,0.296,0.174,0.208,0.178,0.157,0.187,0.160,0.111,0.119
294,eu-central-1,r4.xlarge,0.32,0.188,0.225,0.192,0.169,0.202,0.173,0.120,0.128
295,ap-southeast-2,r4.xlarge,0.319,0.188,0.224,0.192,0.169,0.202,0.172,0.120,0.128
296,us-east-1,r4.2xlarge,0.532,0.313,0.373,0.319,0.282,0.336,0.287,0.200,0.213
297,us-west-2,r4.2xlarge,0.532,0.313,0.373,0.319,0.282,0.336,0.287,0.200,0.213
298,us-west-1,r4.2xlarge,0.593,0.349,0.416,0.356,0.314,0.375,0.320,0.223,0.237
299,eu-west-1,r4.2xlarge,0.593,0.349,0.416,0.356,0.314,0.375,0.320,0.223,0.237
300,eu-central-1,r4.2xlarge,0.64,0.376,0.449,0.384,0.339,0.404,0.346,0.241,0.256
301,ap-southeast-2,r4.2xlarge,0.638,0.375,0.448,0.383,0.338,0.403,0.345,0.240,0.255
302,us-east-1,r4.4xlarge,1.064,0.626,0.747,0.638,0.563,0.672,0.575,0.400,0.426
303,us-west-2,r4.4xlarge,1.064,0.626,0.747,0.638,0.563,0.672,0.575,0.400,0.426
304,us-west-1,r4.4xlarge,1.186,0.697,0.832,0.711,0.627,0.749,0.640,0.446,0.474
305,eu-west-1,r4.4xlarge,1.186,0.697,0.832,0.711,0.627,0.749,0.640,0.446,0.474
306,eu-central-1,r4.4xlarge,1.28,0.753,0.899,0.768,0.678,0.809,0.691,0.481,0.512
307,ap-southeast-2,r4.4xlarge,1.277,0.751,0.896,0.766,0.676,0.807,0.689,0.480,0.511
308,us-east-1,r4.8xlarge,2.128,1.251,1.494,1.277,1.126,1.344,1.149,0.800,0.851
309,us-west-2,r4.8xlarge,2.128,1.251,1.494,1.277,1.126,1.344,1.149,0.800,0.851
310,us-west-1,r4.8xlarge,2.371,1.394,1.665,1.423,1.255,1.498,1.280,0.892,0.948
311,eu-west-1,r4.8xlarge,2.371,1.394,1.665,1.423,1.255,1.498,1.280,0.892,0.948
312,eu-central-1,r4.8xlarge,2.561,1.506,1.798,1.536,1.355,1.618,1.383,0.963,1.024
313,ap-southeast-2,r4.8xlarge,2.554,1.502,1.793,1.532,1.351,1.613,1.379,0.960,1.021
314,us-east-1,r4.16xlarge,4.256,2.503,2.988,2.554,2.252,2.689,2.298,1.600,1.702
315,us-west-2,r4.16xlarge,4.256,2.503,2.988,2.554,2.252,2.689,2.298,1.600,1.702
316,us-west-1,r4.16xlarge,4.742,2.789,3.329,2.845,2.510,2.996,2.561,1.783,1.897
317,eu-west-1,r4.16xlarge,4.742,2.789,3.329,2.845,2.510,2.996,2.561,1.783,1.897
318,eu-central-1,r4.16xlarge,5.122,3.012,3.595,3.073,2.710,3.236,2.766,1.926,2.049
319,ap-southeast-2,r4.16xlarge,5.107,3.003,3.585,3.064,2.703,3.227,2.758,1.920,2.043
320,us-east-1,x1.16xlarge,6.669,3.836,4.579,3.914,3.452,4.121,3.523,1.866,1.985
321,us-west-2,x1.16xlarge,6.669,3.836,4.579,3.914,3.452,4.121,3.523,1.866,1.985
322,eu-west-1,x1.16xlarge,8.003,4.603,5.495,4.697,4.143,4.946,4.227,2.239,2.382
323,eu-central-1,x1.16xlarge,9.337,5.370,6.412,5.480,4.833,5.770,4.932,2.612,2.779
324,ap-southeast-1,x1.16xlarge,9.671,5.562,6.640,5.675,5.005,5.976,5.108,2.706,2.879
325,ap-northeast-1,x1.16xlarge,9.671,5.562,6.640,5.675,5.005,5.976,5.108,2.706,2.879
326,ap-northeast-2,x1.16xlarge,9.671,5.562,6.640,5.675,5.005,5.976,5.108,2.706,2.879
327,ap-southeast-2,x1.16xlarge,9.671,5.562,6.640,5.675,5.005,5.976,5.108,2.706,2.879
328,us-east-1,x1.32xlarge,13.338,7.671,9.158,7.828,6.904,8.242,7.045,3.732,3.970
329,us-west-2,x1.32xlarge,13.338,7.671,9.158,7.828,6.904,8.242,7.045,3.732,3.970
330,eu-west-1,x1.32xlarge,16.006,9.205,10.990,9.393,8.285,9.891,8.454,4.478,4.764
331,eu-central-1,x1.32xlarge,18.674,10.740,12.822,10.959,9.666,11.540,9.863,5.225,5.558
332,ap-southeast-1,x1.32xlarge,19.341,11.123,13.280,11.350,10.011,11.952,10.215,5.411,5.757
333,ap-northeast-1,x1.32xlarge,19.341,11.123,13.280,11.350,10.011,11.952,10.215,5.411,5.757
334,ap-northeast-2,x1.32xlarge,19.341,11.123,13.279,11.350,10.011,11.952,10.215,5.412,5.757
335,ap-southeast-2,x1.32xlarge,19.341,11.123,13.280,11.350,10.011,11.952,10.215,5.411,5.757
336,us-east-1,i2.xlarge,0.853,0.356,0.424,0.363,0.320,0.382,0.327,0.212,0.225
337,us-west-2,i2.xlarge,0.853,0.356,0.424,0.363,0.320,0.382,0.327,0.212,0.225
338,us-west-1,i2.xlarge,0.938,0.432,0.515,0.441,0.389,0.464,0.397,0.273,0.290
339,eu-west-1,i2.xlarge,0.938,0.432,0.515,0.441,0.389,0.464,0.397,0.273,0.290
340,eu-central-1,i2.xlarge,1.013,0.466,0.556,0.476,0.420,0.500,0.428,0.295,0.314
341,ap-southeast-1,i2.xlarge,1.018,0.512,0.610,0.522,0.460,0.549,0.470,0.305,0.324
342,ap-northeast-1,i2.xlarge,1.001,0.522,0.623,0.533,0.470,0.561,0.480,0.310,0.330
343,ap-northeast-2,i2.xlarge,1.001,0.522,0.623,0.533,0.470,0.561,0.480,0.310,0.330
344,ap-southeast-2,i2.xlarge,1.018,0.512,0.610,0.522,0.460,0.549,0.470,0.305,0.324
345,us-east-1,i2.2xlarge,1.705,0.712,0.848,0.727,0.641,0.763,0.654,0.423,0.450
346,us-west-2,i2.2xlarge,1.705,0.712,0.848,0.727,0.641,0.763,0.654,0.423,0.450
347,us-west-1,i2.2xlarge,1.876,0.864,1.030,0.882,0.777,0.927,0.793,0.545,0.580
348,eu-west-1,i2.2xlarge,1.876,0.864,1.030,0.882,0.777,0.927,0.793,0.545,0.580
349,eu-central-1,i2.2xlarge,2.026,0.933,1.112,0.952,0.840,1.001,0.857,0.588,0.626
350,ap-southeast-1,i2.2xlarge,2.035,1.026,1.220,1.046,0.923,1.098,0.942,0.608,0.647
351,ap-northeast-1,i2.2xlarge,2.001,1.044,1.246,1.066,0.940,1.121,0.959,0.619,0.659
352,ap-northeast-2,i2.2xlarge,2.001,1.044,1.247,1.066,0.940,1.122,0.959,0.619,0.659
353,ap-southeast-2,i2.2xlarge,2.035,1.026,1.220,1.046,0.923,1.098,0.942,0.608,0.647
354,us-east-1,i2.4xlarge,3.41,1.423,1.696,1.452,1.281,1.526,1.307,0.845,0.899
355,us-west-2,i2.4xlarge,3.41,1.423,1.696,1.452,1.281,1.526,1.307,0.845,0.899
356,us-west-1,i2.4xlarge,3.751,1.727,2.060,1.762,1.554,1.854,1.586,1.090,1.159
357,eu-west-1,i2.4xlarge,3.751,1.727,2.060,1.762,1.554,1.854,1.586,1.090,1.159
358,eu-central-1,i2.4xlarge,4.051,1.865,2.224,1.903,1.678,2.002,1.713,1.177,1.252
359,ap-southeast-1,i2.4xlarge,4.07,2.049,2.440,2.091,1.844,2.196,1.882,1.217,1.295
360,ap-northeast-1,i2.4xlarge,4.002,2.086,2.492,2.129,1.878,2.243,1.916,1.240,1.319
361,ap-northeast-2,i2.4xlarge,4.002,2.086,2.491,2.129,1.878,2.242,1.916,1.240,1.319
362,ap-southeast-2,i2.4xlarge,4.07,2.049,2.440,2.091,1.844,2.196,1.882,1.217,1.295
363,us-east-1,i2.8xlarge,6.82,2.846,3.392,2.904,2.561,3.053,2.614,1.690,1.798
364,us-west-2,i2.8xlarge,6.82,2.846,3.392,2.904,2.561,3.053,2.614,1.690,1.798
365,us-west-1,i2.8xlarge,7.502,3.454,4.120,3.524,3.108,3.708,3.172,2.179,2.318
366,eu-west-1,i2.8xlarge,7.502,3.454,4.120,3.524,3.108,3.708,3.172,2.179,2.318
367,eu-central-1,i2.8xlarge,8.102,3.730,4.448,3.806,3.357,4.003,3.425,2.353,2.504
368,ap-southeast-1,i2.8xlarge,8.14,4.098,4.880,4.181,3.688,4.392,3.763,2.434,2.589
369,ap-northeast-1,i2.8xlarge,8.004,4.174,4.984,4.260,3.757,4.486,3.834,2.479,2.637
370,ap-northeast-2,i2.8xlarge,8.004,4.175,4.984,4.260,3.757,4.485,3.834,2.479,2.637
371,ap-southeast-2,i2.8xlarge,8.14,4.098,4.880,4.181,3.688,4.392,3.763,2.434,2.589
372,us-east-1,hi1.4xlarge,3.1,1.423,1.698,1.452,,,,0.845,0.899
373,us-west-2,hi1.4xlarge,3.1,1.423,1.698,1.452,,,,0.845,0.899
374,eu-west-1,hi1.4xlarge,3.1,1.423,1.698,1.452,,,,0.845,0.899
375,ap-northeast-1,hi1.4xlarge,3.276,1.573,1.877,1.605,,,,1.118,1.189
376,us-east-1,hs1.8xlarge,4.6,2.156,2.574,2.200,,,,1.320,1.404
377,us-west-2,hs1.8xlarge,4.6,2.156,2.574,2.200,,,,1.320,1.404
378,eu-west-1,hs1.8xlarge,4.9,2.394,2.858,2.443,,,,1.701,1.810
379,ap-southeast-1,hs1.8xlarge,5.57,2.646,3.158,2.700,,,,1.880,2.000
380,ap-northeast-1,hs1.8xlarge,5.4,2.725,3.253,2.781,,,,1.937,2.060
381,ap-southeast-2,hs1.8xlarge,5.57,2.646,3.158,2.700,,,,1.880,2.000
382,us-east-1,c1.medium,0.13,0.077,0.091,0.078,,,,0.049,0.052
383,us-west-2,c1.medium,0.13,0.077,0.091,0.078,,,,0.049,0.052
384,us-west-1,c1.medium,0.148,0.095,0.111,0.097,,,,0.064,0.068
385,eu-west-1,c1.medium,0.148,0.095,0.111,0.097,,,,0.064,0.068
386,ap-southeast-1,c1.medium,0.164,0.103,0.122,0.106,,,,0.070,0.075
387,ap-northeast-1,c1.medium,0.158,0.106,0.120,0.109,,,,0.071,0.076
388,ap-southeast-2,c1.medium,0.164,0.103,0.122,0.106,,,,0.070,0.075
389,sa-east-1,c1.medium,0.179,0.110,0.130,0.112,,,,0.076,0.081
390,us-east-1,c1.xlarge,0.52,0.309,0.364,0.315,,,,0.196,0.208
391,us-west-2,c1.xlarge,0.52,0.309,0.364,0.315,,,,0.196,0.208
392,us-west-1,c1.xlarge,0.592,0.382,0.444,0.390,,,,0.256,0.272
393,eu-west-1,c1.xlarge,0.592,0.382,0.444,0.390,,,,0.256,0.272
394,ap-southeast-1,c1.xlarge,0.655,0.414,0.488,0.422,,,,0.278,0.296
395,ap-northeast-1,c1.xlarge,0.632,0.427,0.480,0.435,,,,0.287,0.306
396,ap-southeast-2,c1.xlarge,0.655,0.414,0.488,0.422,,,,0.278,0.296
397,sa-east-1,c1.xlarge,0.718,0.437,0.520,0.446,,,,0.305,0.325
398,us-east-1,c3.large,0.105,0.062,0.073,0.063,0.056,0.066,0.057,0.039,0.041
399,us-west-2,c3.large,0.105,0.062,0.073,0.063,0.056,0.066,0.057,0.039,0.041
400,us-west-1,c3.large,0.12,0.077,0.090,0.078,0.069,0.081,0.070,0.052,0.055
401,eu-west-1,c3.large,0.12,0.077,0.090,0.078,0.069,0.081,0.070,0.052,0.055
402,eu-central-1,c3.large,0.129,0.083,0.096,0.084,0.074,0.086,0.076,0.056,0.060
403,ap-southeast-1,c3.large,0.132,0.083,0.098,0.085,0.075,0.088,0.076,0.056,0.060
404,ap-northeast-1,c3.large,0.128,0.086,0.097,0.088,0.077,0.087,0.079,0.058,0.062
405,ap-southeast-2,c3.large,0.132,0.083,0.098,0.085,0.075,0.088,0.076,0.056,0.060
406,sa-east-1,c3.large,0.163,0.108,0.123,0.110,0.097,0.111,0.099,0.070,0.074
407,us-east-1,c3.xlarge,0.21,0.125,0.146,0.127,0.112,0.131,0.115,0.079,0.084
408,us-west-2,c3.xlarge,0.21,0.125,0.146,0.127,0.112,0.131,0.115,0.079,0.084
409,us-west-1,c3.xlarge,0.239,0.154,0.180,0.157,0.139,0.162,0.142,0.103,0.110
410,eu-west-1,c3.xlarge,0.239,0.154,0.180,0.157,0.139,0.162,0.142,0.103,0.110
411,eu-central-1,c3.xlarge,0.258,0.167,0.192,0.170,0.150,0.173,0.153,0.111,0.118
412,ap-southeast-1,c3.xlarge,0.265,0.166,0.196,0.169,0.149,0.176,0.152,0.112,0.119
413,ap-northeast-1,c3.xlarge,0.255,0.172,0.194,0.175,0.155,0.175,0.158,0.115,0.123
414,ap-southeast-2,c3.xlarge,0.265,0.166,0.196,0.169,0.149,0.176,0.152,0.112,0.119
415,sa-east-1,c3.xlarge,0.325,0.216,0.246,0.221,0.195,0.221,0.199,0.138,0.147
416,us-east-1,c3.2xlarge,0.42,0.248,0.292,0.253,0.223,0.263,0.228,0.157,0.167
417,us-west-2,c3.2xlarge,0.42,0.248,0.292,0.253,0.223,0.263,0.228,0.157,0.167
418,us-west-1,c3.2xlarge,0.478,0.308,0.360,0.314,0.277,0.324,0.283,0.206,0.219
419,eu-west-1,c3.2xlarge,0.478,0.308,0.360,0.314,0.277,0.324,0.283,0.206,0.219
420,eu-central-1,c3.2xlarge,0.516,0.332,0.384,0.339,0.299,0.346,0.305,0.222,0.236
421,ap-southeast-1,c3.2xlarge,0.529,0.333,0.392,0.340,0.300,0.353,0.306,0.225,0.239
422,ap-northeast-1,c3.2xlarge,0.511,0.344,0.388,0.351,0.309,0.349,0.316,0.232,0.247
423,ap-southeast-2,c3.2xlarge,0.529,0.333,0.392,0.340,0.300,0.353,0.306,0.225,0.239
424,sa-east-1,c3.2xlarge,0.65,0.432,0.492,0.441,0.389,0.443,0.397,0.277,0.295
425,us-east-1,c3.4xlarge,0.84,0.497,0.584,0.507,0.447,0.526,0.456,0.315,0.335
426,us-west-2,c3.4xlarge,0.84,0.497,0.584,0.507,0.447,0.526,0.456,0.315,0.335
427,us-west-1,c3.4xlarge,0.956,0.615,0.720,0.628,0.554,0.648,0.565,0.412,0.439
428,eu-west-1,c3.4xlarge,0.956,0.615,0.720,0.628,0.554,0.648,0.565,0.412,0.439
429,eu-central-1,c3.4xlarge,1.032,0.664,0.768,0.678,0.598,0.691,0.610,0.445,0.474
430,ap-southeast-1,c3.4xlarge,1.058,0.666,0.784,0.680,0.599,0.706,0.612,0.448,0.477
431,ap-northeast-1,c3.4xlarge,1.021,0.687,0.776,0.701,0.618,0.698,0.631,0.463,0.493
432,ap-southeast-2,c3.4xlarge,1.058,0.666,0.784,0.680,0.599,0.706,0.612,0.448,0.477
433,sa-east-1,c3.4xlarge,1.3,0.865,0.984,0.883,0.779,0.886,0.794,0.554,0.589
434,us-east-1,c3.8xlarge,1.68,0.992,1.168,1.012,0.893,1.051,0.911,0.628,0.668
435,us-west-2,c3.8xlarge,1.68,0.992,1.168,1.012,0.893,1.051,0.911,0.628,0.668
436,us-west-1,c3.8xlarge,1.912,1.231,1.440,1.256,1.108,1.296,1.131,0.825,0.877
437,eu-west-1,c3.8xlarge,1.912,1.231,1.440,1.256,1.108,1.296,1.131,0.825,0.877
438,eu-central-1,c3.8xlarge,2.064,1.330,1.536,1.357,1.197,1.382,1.221,0.891,0.947
439,ap-southeast-1,c3.8xlarge,2.117,1.331,1.568,1.358,1.198,1.411,1.222,0.897,0.954
440,ap-northeast-1,c3.8xlarge,2.043,1.374,1.552,1.402,1.236,1.397,1.261,0.926,0.985
441,ap-southeast-2,c3.8xlarge,2.117,1.331,1.568,1.358,1.198,1.411,1.222,0.897,0.954
442,sa-east-1,c3.8xlarge,2.6,1.730,1.968,1.765,1.557,1.771,1.589,1.108,1.178
443,us-east-1,c4.large,0.1,0.059,0.070,0.060,0.053,0.063,0.054,0.039,0.041
444,us-west-2,c4.large,0.1,0.059,0.070,0.060,0.053,0.063,0.054,0.039,0.041
445,us-west-1,c4.large,0.124,0.079,0.095,0.081,0.071,0.086,0.073,0.054,0.057
446,eu-west-1,c4.large,0.113,0.073,0.087,0.074,0.066,0.078,0.067,0.052,0.055
447,eu-central-1,c4.large,0.114,0.074,0.088,0.075,0.067,0.079,0.068,0.053,0.056
448,ap-southeast-1,c4.large,0.115,0.074,0.088,0.075,0.067,0.079,0.068,0.049,0.052
449,ap-northeast-1,c4.large,0.126,0.084,0.101,0.086,0.076,0.091,0.077,0.060,0.064
450,ap-northeast-2,c4.large,0.114,0.072,0.085,0.073,0.065,0.077,0.066,0.052,0.055
451,ap-southeast-2,c4.large,0.13,0.078,0.094,0.080,0.070,0.085,0.072,0.055,0.058
452,sa-east-1,c4.large,0.155,0.103,0.123,0.105,0.093,0.111,0.095,0.068,0.072
453,us-east-1,c4.xlarge,0.199,0.119,0.142,0.121,0.107,0.128,0.109,0.078,0.083
454,us-west-2,c4.xlarge,0.199,0.119,0.142,0.121,0.107,0.128,0.109,0.078,0.083
455,us-west-1,c4.xlarge,0.249,0.160,0.191,0.163,0.144,0.172,0.147,0.108,0.115
456,eu-west-1,c4.xlarge,0.226,0.145,0.173,0.148,0.131,0.156,0.133,0.102,0.109
457,eu-central-1,c4.xlarge,0.227,0.146,0.174,0.149,0.131,0.157,0.134,0.106,0.113
458,ap-southeast-1,c4.xlarge,0.231,0.145,0.173,0.148,0.131,0.156,0.133,0.098,0.104
459,ap-northeast-1,c4.xlarge,0.252,0.169,0.201,0.172,0.152,0.181,0.155,0.121,0.129
460,ap-northeast-2,c4.xlarge,0.227,0.144,0.172,0.147,0.130,0.155,0.132,0.103,0.110
461,ap-southeast-2,c4.xlarge,0.261,0.155,0.185,0.158,0.140,0.167,0.142,0.110,0.117
462,sa-east-1,c4.xlarge,0.309,0.206,0.246,0.210,0.185,0.221,0.189,0.134,0.143
463,us-east-1,c4.2xlarge,0.398,0.237,0.283,0.242,0.213,0.255,0.218,0.155,0.165
464,us-west-2,c4.2xlarge,0.398,0.237,0.283,0.242,0.213,0.255,0.218,0.155,0.165
465,us-west-1,c4.2xlarge,0.498,0.318,0.380,0.325,0.286,0.342,0.293,0.217,0.231
466,eu-west-1,c4.2xlarge,0.453,0.289,0.345,0.295,0.260,0.311,0.266,0.205,0.218
467,eu-central-1,c4.2xlarge,0.454,0.293,0.350,0.299,0.264,0.315,0.269,0.212,0.225
468,ap-southeast-1,c4.2xlarge,0.462,0.291,0.347,0.297,0.262,0.312,0.267,0.195,0.207
469,ap-northeast-1,c4.2xlarge,0.504,0.338,0.404,0.345,0.304,0.364,0.311,0.243,0.259
470,ap-northeast-2,c4.2xlarge,0.454,0.288,0.344,0.294,0.259,0.310,0.265,0.207,0.220
471,ap-southeast-2,c4.2xlarge,0.522,0.311,0.371,0.317,0.280,0.334,0.285,0.219,0.233
472,sa-east-1,c4.2xlarge,0.618,0.411,0.490,0.419,0.370,0.441,0.377,0.271,0.288
473,us-east-1,c4.4xlarge,0.796,0.473,0.565,0.483,0.426,0.509,0.435,0.310,0.330
474,us-west-2,c4.4xlarge,0.796,0.473,0.565,0.483,0.426,0.509,0.435,0.310,0.330
475,us-west-1,c4.4xlarge,0.997,0.637,0.760,0.650,0.573,0.684,0.585,0.433,0.461
476,eu-west-1,c4.4xlarge,0.905,0.579,0.691,0.591,0.521,0.622,0.532,0.410,0.436
477,eu-central-1,c4.4xlarge,0.909,0.586,0.700,0.598,0.527,0.630,0.538,0.422,0.449
478,ap-southeast-1,c4.4xlarge,0.924,0.581,0.694,0.593,0.523,0.625,0.534,0.389,0.414
479,ap-northeast-1,c4.4xlarge,1.008,0.675,0.806,0.689,0.608,0.725,0.620,0.486,0.517
480,ap-northeast-2,c4.4xlarge,0.907,0.575,0.687,0.587,0.518,0.618,0.528,0.415,0.441
481,ap-southeast-2,c4.4xlarge,1.042,0.621,0.742,0.634,0.559,0.668,0.571,0.438,0.466
482,sa-east-1,c4.4xlarge,1.235,0.822,0.982,0.839,0.740,0.884,0.755,0.540,0.575
483,us-east-1,c4.8xlarge,1.591,0.947,1.130,0.966,0.852,1.017,0.869,0.621,0.661
484,us-west-2,c4.8xlarge,1.591,0.947,1.130,0.966,0.852,1.017,0.869,0.621,0.661
485,us-west-1,c4.8xlarge,1.993,1.273,1.520,1.299,1.146,1.368,1.169,0.866,0.921
486,eu-west-1,c4.8xlarge,1.811,1.156,1.381,1.180,1.040,1.243,1.062,0.821,0.873
487,eu-central-1,c4.8xlarge,1.817,1.173,1.400,1.197,1.056,1.260,1.077,0.845,0.899
488,ap-southeast-1,c4.8xlarge,1.848,1.163,1.389,1.187,1.047,1.250,1.068,0.780,0.830
489,ap-northeast-1,c4.8xlarge,2.016,1.350,1.612,1.378,1.215,1.451,1.240,0.971,1.033
490,ap-northeast-2,c4.8xlarge,1.815,1.152,1.375,1.175,1.037,1.238,1.058,0.828,0.881
491,ap-southeast-2,c4.8xlarge,2.085,1.244,1.485,1.269,1.120,1.337,1.142,0.877,0.933
492,sa-east-1,c4.8xlarge,2.47,1.643,1.962,1.677,1.479,1.766,1.509,1.081,1.150
493,us-east-1,cc2.8xlarge,2,0.913,1.090,0.932,,,,0.614,0.653
494,us-west-2,cc2.8xlarge,2,0.913,1.090,0.932,,,,0.614,0.653
495,eu-west-1,cc2.8xlarge,2.25,1.157,1.381,1.181,,,,0.848,0.902
496,ap-northeast-1,cc2.8xlarge,2.349,1.267,1.512,1.293,,,,0.901,0.958
497,us-east-1,g2.2xlarge,0.65,0.397,0.474,0.405,0.357,0.427,0.365,0.282,0.300
498,us-west-2,g2.2xlarge,0.65,0.397,0.474,0.405,0.357,0.427,0.365,0.282,0.300
499,us-west-1,g2.2xlarge,0.702,0.431,0.514,0.439,0.388,0.463,0.395,0.305,0.325
500,eu-west-1,g2.2xlarge,0.702,0.431,0.514,0.439,0.388,0.463,0.395,0.305,0.325
501,eu-central-1,g2.2xlarge,0.772,0.474,0.565,0.484,0.426,0.509,0.435,0.336,0.357
502,ap-southeast-1,g2.2xlarge,1,0.702,0.772,0.716,0.632,0.695,0.645,0.464,0.494
503,ap-northeast-1,g2.2xlarge,0.898,0.587,0.678,0.599,0.528,0.610,0.539,0.417,0.443
504,ap-southeast-2,g2.2xlarge,0.898,0.587,0.678,0.599,0.528,0.610,0.539,0.417,0.443
505,us-east-1,g2.8xlarge,2.6,1.588,1.896,1.621,1.429,1.706,1.459,1.128,1.200
506,us-west-2,g2.8xlarge,2.6,1.588,1.896,1.621,1.429,1.706,1.459,1.128,1.200
507,us-west-1,g2.8xlarge,2.808,1.722,2.056,1.758,1.550,1.850,1.582,1.220,1.298
508,eu-west-1,g2.8xlarge,2.808,1.722,2.056,1.758,1.550,1.850,1.582,1.220,1.298
509,eu-central-1,g2.8xlarge,3.088,1.895,2.260,1.935,1.705,2.034,1.741,1.342,1.426
510,ap-southeast-1,g2.8xlarge,4,2.808,3.088,2.866,2.527,2.779,2.579,1.857,1.975
511,ap-northeast-1,g2.8xlarge,3.592,2.347,2.712,2.395,2.112,2.441,2.156,1.667,1.773
512,ap-southeast-2,g2.8xlarge,3.592,2.347,2.712,2.395,2.112,2.441,2.156,1.667,1.773
513,us-east-1,cg1.4xlarge,2.1,,,,,,,,
514,eu-west-1,cg1.4xlarge,2.36,,,,,,,,
515,us-east-1,p2.xlarge,0.9,0.573,0.684,0.585,0.516,0.616,0.526,0.399,0.425
516,us-west-2,p2.xlarge,0.9,0.573,0.684,0.585,0.516,0.616,0.526,0.399,0.425
517,eu-west-1,p2.xlarge,0.972,0.621,0.742,0.634,0.559,0.668,0.571,0.432,0.460
518,us-east-1,p2.8xlarge,7.2,4.586,5.476,4.680,4.128,4.928,4.212,3.196,3.400
519,us-west-2,p2.8xlarge,7.2,4.586,5.476,4.680,4.128,4.928,4.212,3.196,3.400
520,eu-west-1,p2.8xlarge,7.776,4.971,5.934,5.072,4.474,5.341,4.565,3.459,3.680
521,us-east-1,p2.16xlarge,14.4,9.173,10.951,9.360,8.256,9.856,8.424,6.392,6.800
522,us-west-2,p2.16xlarge,14.4,9.173,10.951,9.360,8.256,9.856,8.424,6.392,6.800
523,eu-west-1,p2.16xlarge,15.552,9.941,11.868,10.144,8.947,10.682,9.130,6.918,7.360
524,us-east-1,d2.xlarge,0.69,0.337,0.402,0.344,0.303,0.362,0.310,0.198,0.210
525,us-west-2,d2.xlarge,0.69,0.337,0.402,0.344,0.303,0.362,0.310,0.198,0.210
526,us-west-1,d2.xlarge,0.781,0.412,0.491,0.420,0.371,0.442,0.378,0.253,0.269
527,eu-west-1,d2.xlarge,0.735,0.374,0.447,0.382,0.337,0.402,0.344,0.255,0.272
528,eu-central-1,d2.xlarge,0.794,0.404,0.482,0.412,0.364,0.434,0.371,0.276,0.294
529,ap-southeast-1,d2.xlarge,0.87,0.430,0.513,0.438,0.387,0.462,0.395,0.294,0.312
530,ap-northeast-1,d2.xlarge,0.844,0.443,0.529,0.452,0.399,0.476,0.407,0.303,0.322
531,ap-northeast-2,d2.xlarge,0.844,0.443,0.529,0.452,0.399,0.476,0.407,0.303,0.322
532,ap-southeast-2,d2.xlarge,0.87,0.430,0.513,0.438,0.387,0.462,0.395,0.294,0.312
533,us-east-1,d2.2xlarge,1.38,0.674,0.804,0.688,0.607,0.724,0.619,0.395,0.421
534,us-west-2,d2.2xlarge,1.38,0.674,0.804,0.688,0.607,0.724,0.619,0.395,0.421
535,us-west-1,d2.2xlarge,1.563,0.823,0.983,0.840,0.741,0.885,0.756,0.506,0.538
536,eu-west-1,d2.2xlarge,1.47,0.748,0.894,0.764,0.674,0.805,0.687,0.511,0.544
537,eu-central-1,d2.2xlarge,1.588,0.808,0.964,0.824,0.727,0.868,0.742,0.552,0.587
538,ap-southeast-1,d2.2xlarge,1.74,0.859,1.026,0.877,0.773,0.923,0.789,0.587,0.625
539,ap-northeast-1,d2.2xlarge,1.688,0.886,1.058,0.904,0.797,0.952,0.813,0.605,0.644
540,ap-northeast-2,d2.2xlarge,1.688,0.886,1.058,0.904,0.797,0.952,0.813,0.605,0.644
541,ap-southeast-2,d2.2xlarge,1.74,0.859,1.026,0.877,0.773,0.923,0.789,0.587,0.625
542,us-east-1,d2.4xlarge,2.76,1.348,1.608,1.376,1.213,1.447,1.238,0.791,0.841
543,us-west-2,d2.4xlarge,2.76,1.348,1.608,1.376,1.213,1.447,1.238,0.791,0.841
544,us-west-1,d2.4xlarge,3.125,1.646,1.966,1.680,1.481,1.769,1.512,1.010,1.075
545,eu-west-1,d2.4xlarge,2.94,1.497,1.788,1.528,1.347,1.609,1.375,1.022,1.087
546,eu-central-1,d2.4xlarge,3.176,1.616,1.928,1.649,1.454,1.735,1.484,1.104,1.175
547,ap-southeast-1,d2.4xlarge,3.48,1.719,2.052,1.754,1.547,1.847,1.578,1.174,1.249
548,ap-northeast-1,d2.4xlarge,3.376,1.772,2.116,1.808,1.595,1.904,1.627,1.211,1.288
549,ap-northeast-2,d2.4xlarge,3.376,1.772,2.115,1.808,1.594,1.904,1.627,1.211,1.288
550,ap-southeast-2,d2.4xlarge,3.48,1.719,2.052,1.754,1.547,1.847,1.578,1.174,1.249
551,us-east-1,d2.8xlarge,5.52,2.696,3.216,2.751,2.426,2.894,2.476,1.581,1.682
552,us-west-2,d2.8xlarge,5.52,2.696,3.216,2.751,2.426,2.894,2.476,1.581,1.682
553,us-west-1,d2.8xlarge,6.25,3.293,3.931,3.360,2.964,3.538,3.024,2.021,2.150
554,eu-west-1,d2.8xlarge,5.88,2.994,3.576,3.055,2.694,3.218,2.749,2.044,2.174
555,eu-central-1,d2.8xlarge,6.352,3.232,3.856,3.297,2.909,3.470,2.968,2.208,2.349
556,ap-southeast-1,d2.8xlarge,6.96,3.437,4.104,3.507,3.094,3.694,3.157,2.348,2.498
557,ap-northeast-1,d2.8xlarge,6.752,3.543,4.232,3.615,3.189,3.809,3.254,2.421,2.576
558,ap-northeast-2,d2.8xlarge,6.752,3.543,4.230,3.615,3.189,3.807,3.254,2.421,2.576
559,ap-southeast-2,d2.8xlarge,6.96,3.437,4.104,3.507,3.094,3.694,3.157,2.348,2.498
